{
    "668fe5a998b5ad715703ddd6": {
        "ItemID": "668fe5a998b5ad715703ddd6",
        "Name": "weapon_magnum_research_desert_eagle_mk19_127x33",
        "WeapType": "pistol",
        "OperationType": "",
        "WeapAccuracy": 0,
        "BaseTorque": -3,
        "HasShoulderContact": false,
        "Ergonomics": 80,
        "VerticalRecoil": 600,
        "HorizontalRecoil": 525,
        "Dispersion": 15,
        "CameraRecoil": 0.015,
        "VisualMulti": 2.5,
        "Convergence": 10,
        "RecoilAngle": 100,
        "BaseMalfunctionChance": 0,
        "HeatFactorGun": 0.1,
        "HeatFactorByShot": 1,
        "CoolFactorGun": 0.1,
        "CoolFactorGunMods": 1,
        "AllowOverheat": false,
        "CenterOfImpact": 0.162,
        "HipAccuracyRestorationDelay": 0.2,
        "HipAccuracyRestorationSpeed": 7,
        "HipInnaccuracyGain": 0.16,
        "ShotgunDispersion": 20,
        "Velocity": -10,
        "RecoilDamping": 0.81,
        "RecoilHandDamping": 0.57,
        "WeaponAllowADS": false,
        "Weight": 1.86,
        "DurabilityBurnRatio": 0.01,
        "AutoROF": 350,
        "SemiROF": 300,
        "DoubleActionAccuracyPenalty": 2.5,
        "LoyaltyLevel": 5,
        "BaseReloadSpeedMulti": 1,
        "BaseChamberSpeedMulti": 1,
        "MinChamberSpeed": 0.8,
        "MaxChamberSpeed": 1.5,
        "IsManuallyOperated": false,
        "BaseChamberCheckSpeed": 1,
        "BaseFixSpeed": 1,
        "OffsetRotation": 0.01,
        "RecoilIntensity": 0.645,
        "RecoilCenter": {
            "x": 0,
            "y": -0.4,
            "z": -0.001
        }
    },
    "669fa39b48fc9f8db6035a0c": {
        "ItemID": "669fa39b48fc9f8db6035a0c",
        "Name": "weapon_magnum_research_desert_eagle_l6_127x33",
        "WeapType": "pistol",
        "OperationType": "",
        "WeapAccuracy": 0,
        "BaseTorque": -3,
        "HasShoulderContact": false,
        "Ergonomics": 80,
        "VerticalRecoil": 600,
        "HorizontalRecoil": 525,
        "Dispersion": 15,
        "CameraRecoil": 0.015,
        "VisualMulti": 2.5,
        "Convergence": 10,
        "RecoilAngle": 100,
        "BaseMalfunctionChance": 0,
        "HeatFactorGun": 0.1,
        "HeatFactorByShot": 1,
        "CoolFactorGun": 0.1,
        "CoolFactorGunMods": 1,
        "AllowOverheat": false,
        "CenterOfImpact": 0.162,
        "HipAccuracyRestorationDelay": 0.2,
        "HipAccuracyRestorationSpeed": 7,
        "HipInnaccuracyGain": 0.16,
        "ShotgunDispersion": 20,
        "Velocity": -10,
        "RecoilDamping": 0.81,
        "RecoilHandDamping": 0.57,
        "WeaponAllowADS": false,
        "Weight": 1.86,
        "DurabilityBurnRatio": 0.01,
        "AutoROF": 350,
        "SemiROF": 300,
        "DoubleActionAccuracyPenalty": 2.5,
        "LoyaltyLevel": 5,
        "BaseReloadSpeedMulti": 1,
        "BaseChamberSpeedMulti": 1,
        "MinChamberSpeed": 0.8,
        "MaxChamberSpeed": 1.5,
        "IsManuallyOperated": false,
        "BaseChamberCheckSpeed": 1,
        "BaseFixSpeed": 1,
        "OffsetRotation": 0.01,
        "RecoilIntensity": 0.645,
        "RecoilCenter": {
            "x": 0,
            "y": -0.4,
            "z": -0.001
        }
    },
    "669fa3d876116c89840b1217": {
        "ItemID": "669fa3d876116c89840b1217",
        "Name": "weapon_magnum_research_desert_eagle_l6_tiger_127x33",
        "WeapType": "pistol",
        "OperationType": "",
        "WeapAccuracy": 0,
        "BaseTorque": -3,
        "HasShoulderContact": false,
        "Ergonomics": 80,
        "VerticalRecoil": 600,
        "HorizontalRecoil": 525,
        "Dispersion": 15,
        "CameraRecoil": 0.015,
        "VisualMulti": 2.5,
        "Convergence": 10,
        "RecoilAngle": 100,
        "BaseMalfunctionChance": 0,
        "HeatFactorGun": 0.1,
        "HeatFactorByShot": 1,
        "CoolFactorGun": 0.1,
        "CoolFactorGunMods": 1,
        "AllowOverheat": false,
        "CenterOfImpact": 0.162,
        "HipAccuracyRestorationDelay": 0.2,
        "HipAccuracyRestorationSpeed": 7,
        "HipInnaccuracyGain": 0.16,
        "ShotgunDispersion": 20,
        "Velocity": -10,
        "RecoilDamping": 0.81,
        "RecoilHandDamping": 0.57,
        "WeaponAllowADS": false,
        "Weight": 1.86,
        "DurabilityBurnRatio": 0.01,
        "AutoROF": 350,
        "SemiROF": 300,
        "DoubleActionAccuracyPenalty": 2.5,
        "LoyaltyLevel": 5,
        "BaseReloadSpeedMulti": 1,
        "BaseChamberSpeedMulti": 1,
        "MinChamberSpeed": 0.8,
        "MaxChamberSpeed": 1.5,
        "IsManuallyOperated": false,
        "BaseChamberCheckSpeed": 1,
        "BaseFixSpeed": 1,
        "OffsetRotation": 0.01,
        "RecoilIntensity": 0.645,
        "RecoilCenter": {
            "x": 0,
            "y": -0.4,
            "z": -0.001
        }
    },
    "669fa3f88abd2662d80eee77": {
        "ItemID": "669fa3f88abd2662d80eee77",
        "Name": "weapon_magnum_research_desert_eagle_l5_127x33",
        "WeapType": "pistol",
        "OperationType": "",
        "WeapAccuracy": 0,
        "BaseTorque": -3,
        "HasShoulderContact": false,
        "Ergonomics": 80,
        "VerticalRecoil": 550,
        "HorizontalRecoil": 500,
        "Dispersion": 15,
        "CameraRecoil": 0.015,
        "VisualMulti": 2.5,
        "Convergence": 10,
        "RecoilAngle": 100,
        "BaseMalfunctionChance": 0,
        "HeatFactorGun": 0.1,
        "HeatFactorByShot": 1,
        "CoolFactorGun": 0.1,
        "CoolFactorGunMods": 1,
        "AllowOverheat": false,
        "CenterOfImpact": 0.162,
        "HipAccuracyRestorationDelay": 0.2,
        "HipAccuracyRestorationSpeed": 7,
        "HipInnaccuracyGain": 0.16,
        "ShotgunDispersion": 20,
        "Velocity": -10,
        "RecoilDamping": 0.81,
        "RecoilHandDamping": 0.57,
        "WeaponAllowADS": false,
        "Weight": 1.86,
        "DurabilityBurnRatio": 0.01,
        "AutoROF": 350,
        "SemiROF": 300,
        "DoubleActionAccuracyPenalty": 2.5,
        "LoyaltyLevel": 5,
        "BaseReloadSpeedMulti": 1,
        "BaseChamberSpeedMulti": 1,
        "MinChamberSpeed": 0.8,
        "MaxChamberSpeed": 1.5,
        "IsManuallyOperated": false,
        "BaseChamberCheckSpeed": 1,
        "BaseFixSpeed": 1,
        "OffsetRotation": 0.01,
        "RecoilIntensity": 0.645,
        "RecoilCenter": {
            "x": 0,
            "y": -0.4,
            "z": -0.001
        }
    },
    "668fe62ac62660a5d8071446": {
        "_id": "668fe62ac62660a5d8071446",
        "_name": "patron_127x33_fmj",
        "_parent": "5485a8684bdc2da71d8b4567",
        "_props": {
            "AmmoLifeTimeSec": 5,
            "AmmoTooltipClass": "Universal",
            "AnimationVariantsNumber": 0,
            "ArmorDamage": 50,
            "ArmorDistanceDistanceDamage": {
                "x": 0,
                "y": 0,
                "z": 0
            },
            "BackgroundColor": "yellow",
            "BallisticCoeficient": 0.131,
            "Blindness": {
                "x": 0,
                "y": 0,
                "z": 0
            },
            "BulletDiameterMilimeters": 12.7,
            "BulletMassGram": 19.4,
            "Caliber": "Caliber127x33",
            "CanRequireOnRagfair": false,
            "CanSellOnRagfair": true,
            "ConflictingItems": [],
            "Contusion": {
                "x": 0,
                "y": 0,
                "z": 0
            },
            "Damage": 125,
            "Description": "patron_9x19_PSO_gzh",
            "Deterioration": 1,
            "DiscardLimit": -1,
            "DiscardingBlock": false,
            "DropSoundType": "None",
            "DurabilityBurnModificator": 1.7,
            "ExamineExperience": 10,
            "ExamineTime": 1,
            "ExaminedByDefault": true,
            "ExplosionStrength": 0,
            "ExplosionType": "",
            "ExtraSizeDown": 0,
            "ExtraSizeForceAdd": false,
            "ExtraSizeLeft": 0,
            "ExtraSizeRight": 0,
            "ExtraSizeUp": 0,
            "FragmentType": "5996f6d686f77467977ba6cc",
            "FragmentationChance": 0.01,
            "FragmentsCount": 0,
            "FuzeArmTimeSec": 0,
            "HasGrenaderComponent": false,
            "HeatFactor": 2.38,
            "HeavyBleedingDelta": 0.1,
            "Height": 1,
            "HideEntrails": false,
            "InitialSpeed": 440,
            "InsuranceDisabled": false,
            "IsAlwaysAvailableForInsurance": false,
            "IsLightAndSoundShot": false,
            "IsLockedafterEquip": false,
            "IsSpecialSlotOnly": false,
            "IsUnbuyable": false,
            "IsUndiscardable": false,
            "IsUngivable": false,
            "IsUnremovable": false,
            "IsUnsaleable": false,
            "ItemSound": "ammo_singleround",
            "LightAndSoundShotAngle": 0,
            "LightAndSoundShotSelfContusionStrength": 0,
            "LightAndSoundShotSelfContusionTime": 0,
            "LightBleedingDelta": 0,
            "LootExperience": 0,
            "MalfFeedChance": 0.02,
            "MalfMisfireChance": 0.175,
            "MaxExplosionDistance": 0,
            "MaxFragmentsCount": 1,
            "MergesWithChildren": false,
            "MinExplosionDistance": 0,
            "MinFragmentsCount": 1,
            "MisfireChance": 0.03,
            "Name": "patron_9x19_PSO_gzh",
            "NotShownInSlot": false,
            "PenetrationChanceObstacle": 0.31,
            "PenetrationDamageMod": 0.2,
            "PenetrationPower": 40,
            "PenetrationPowerDiviation": 0.136,
            "Prefab": {
                "path": "DEAGLE/patron_127x33_fmj.bundle",
                "rcid": ""
            },
            "ProjectileCount": 1,
            "QuestItem": false,
            "QuestStashMaxCount": 0,
            "RagFairCommissionModifier": 1,
            "RarityPvE": "Superrare",
            "RemoveShellAfterFire": false,
            "RepairCost": 0,
            "RepairSpeed": 0,
            "RicochetChance": 0.08,
            "ShortName": "patron_9x19_PSO_gzh",
            "ShowBullet": false,
            "ShowHitEffectOnExplode": false,
            "SpeedRetardation": 0.0001,
            "StackMaxRandom": 25,
            "StackMaxSize": 30,
            "StackMinRandom": 5,
            "StackObjectsCount": 1,
            "StaminaBurnPerDamage": 0.21,
            "Tracer": false,
            "TracerColor": "red",
            "TracerDistance": 0,
            "Unlootable": false,
            "UnlootableFromSide": [],
            "UnlootableFromSlot": "FirstPrimaryWeapon",
            "UsePrefab": {
                "path": "",
                "rcid": ""
            },
            "Weight": 0.028,
            "Width": 1,
            "ammoAccr": 0,
            "ammoDist": 0,
            "ammoHear": 0,
            "ammoRec": 10,
            "ammoSfx": "standart",
            "ammoShiftChance": 0,
            "ammoType": "bullet",
            "buckshotBullets": 0,
            "casingEjectPower": 1,
            "casingMass": 10,
            "casingName": "",
            "casingSounds": "pistol_big"
        },
        "_proto": "54527c774bdc2d3f668b4568",
        "_type": "Item"
    },
    "66a0d1c87d0d369e270bb9de": {
        "_id": "66a0d1c87d0d369e270bb9de",
        "_name": "patron_127x33_jhp",
        "_parent": "5485a8684bdc2da71d8b4567",
        "_props": {
            "AmmoLifeTimeSec": 5,
            "AmmoTooltipClass": "SoftTargets",
            "AnimationVariantsNumber": 0,
            "ArmorDamage": 53,
            "ArmorDistanceDistanceDamage": {
                "x": 0,
                "y": 0,
                "z": 0
            },
            "BackgroundColor": "yellow",
            "BallisticCoeficient": 0.122,
            "Blindness": {
                "x": 0,
                "y": 0,
                "z": 0
            },
            "BulletDiameterMilimeters": 12.7,
            "BulletMassGram": 19.4,
            "Caliber": "Caliber127x33",
            "CanRequireOnRagfair": false,
            "CanSellOnRagfair": true,
            "ConflictingItems": [],
            "Contusion": {
                "x": 0,
                "y": 0,
                "z": 0
            },
            "Damage": 147,
            "Description": "patron_9x19_PSO_gzh",
            "Deterioration": 1,
            "DiscardLimit": -1,
            "DiscardingBlock": false,
            "DropSoundType": "None",
            "DurabilityBurnModificator": 1.2,
            "ExamineExperience": 10,
            "ExamineTime": 1,
            "ExaminedByDefault": true,
            "ExplosionStrength": 0,
            "ExplosionType": "",
            "ExtraSizeDown": 0,
            "ExtraSizeForceAdd": false,
            "ExtraSizeLeft": 0,
            "ExtraSizeRight": 0,
            "ExtraSizeUp": 0,
            "FragmentType": "5996f6d686f77467977ba6cc",
            "FragmentationChance": 0.7,
            "FragmentsCount": 0,
            "FuzeArmTimeSec": 0,
            "HasGrenaderComponent": false,
            "HeatFactor": 1.91,
            "HeavyBleedingDelta": 0.4,
            "Height": 1,
            "HideEntrails": false,
            "InitialSpeed": 440,
            "InsuranceDisabled": false,
            "IsAlwaysAvailableForInsurance": false,
            "IsLightAndSoundShot": false,
            "IsLockedafterEquip": false,
            "IsSpecialSlotOnly": false,
            "IsUnbuyable": false,
            "IsUndiscardable": false,
            "IsUngivable": false,
            "IsUnremovable": false,
            "IsUnsaleable": false,
            "ItemSound": "ammo_singleround",
            "LightAndSoundShotAngle": 0,
            "LightAndSoundShotSelfContusionStrength": 0,
            "LightAndSoundShotSelfContusionTime": 0,
            "LightBleedingDelta": 0.35,
            "LootExperience": 0,
            "MalfFeedChance": 0.111,
            "MalfMisfireChance": 0.175,
            "MaxExplosionDistance": 0,
            "MaxFragmentsCount": 1,
            "MergesWithChildren": false,
            "MinExplosionDistance": 0,
            "MinFragmentsCount": 1,
            "MisfireChance": 0.03,
            "Name": "patron_9x19_PSO_gzh",
            "NotShownInSlot": false,
            "PenetrationChanceObstacle": 0.05,
            "PenetrationDamageMod": 0.05,
            "PenetrationPower": 12,
            "PenetrationPowerDiviation": 0.136,
            "Prefab": {
                "path": "DEAGLE/patron_127x33_jhp.bundle",
                "rcid": ""
            },
            "ProjectileCount": 1,
            "QuestItem": false,
            "QuestStashMaxCount": 0,
            "RagFairCommissionModifier": 1,
            "RarityPvE": "Rare",
            "RemoveShellAfterFire": false,
            "RepairCost": 0,
            "RepairSpeed": 0,
            "RicochetChance": 0.02,
            "ShortName": "patron_9x19_PSO_gzh",
            "ShowBullet": false,
            "ShowHitEffectOnExplode": false,
            "SpeedRetardation": 0.0001,
            "StackMaxRandom": 25,
            "StackMaxSize": 30,
            "StackMinRandom": 5,
            "StackObjectsCount": 1,
            "StaminaBurnPerDamage": 0.265,
            "Tracer": false,
            "TracerColor": "red",
            "TracerDistance": 0,
            "Unlootable": false,
            "UnlootableFromSide": [],
            "UnlootableFromSlot": "FirstPrimaryWeapon",
            "UsePrefab": {
                "path": "",
                "rcid": ""
            },
            "Weight": 0.029,
            "Width": 1,
            "ammoAccr": -10,
            "ammoDist": 0,
            "ammoHear": 0,
            "ammoRec": 5,
            "ammoSfx": "standart",
            "ammoShiftChance": 0,
            "ammoType": "bullet",
            "buckshotBullets": 0,
            "casingEjectPower": 1,
            "casingMass": 10,
            "casingName": "",
            "casingSounds": "pistol_big"
        },
        "_proto": "54527c774bdc2d3f668b4568",
        "_type": "Item"
    },
    "66a0d1e0ed648d72fe064d06": {
        "_id": "66a0d1e0ed648d72fe064d06",
        "_name": "patron_127x33_cooper",
        "_parent": "5485a8684bdc2da71d8b4567",
        "_props": {
            "AmmoLifeTimeSec": 5,
            "AmmoTooltipClass": "Universal",
            "AnimationVariantsNumber": 0,
            "ArmorDamage": 76,
            "ArmorDistanceDistanceDamage": {
                "x": 0,
                "y": 0,
                "z": 0
            },
            "BackgroundColor": "yellow",
            "BallisticCoeficient": 0.163,
            "Blindness": {
                "x": 0,
                "y": 0,
                "z": 0
            },
            "BulletDiameterMilimeters": 12.7,
            "BulletMassGram": 25.9,
            "Caliber": "Caliber127x33",
            "CanRequireOnRagfair": false,
            "CanSellOnRagfair": true,
            "ConflictingItems": [],
            "Contusion": {
                "x": 0,
                "y": 0,
                "z": 0
            },
            "Damage": 124,
            "Description": "patron_9x19_PSO_gzh",
            "Deterioration": 1,
            "DiscardLimit": -1,
            "DiscardingBlock": false,
            "DropSoundType": "None",
            "DurabilityBurnModificator": 1.4,
            "ExamineExperience": 10,
            "ExamineTime": 1,
            "ExaminedByDefault": true,
            "ExplosionStrength": 0,
            "ExplosionType": "",
            "ExtraSizeDown": 0,
            "ExtraSizeForceAdd": false,
            "ExtraSizeLeft": 0,
            "ExtraSizeRight": 0,
            "ExtraSizeUp": 0,
            "FragmentType": "5996f6d686f77467977ba6cc",
            "FragmentationChance": 0.3,
            "FragmentsCount": 0,
            "FuzeArmTimeSec": 0,
            "HasGrenaderComponent": false,
            "HeatFactor": 2.15,
            "HeavyBleedingDelta": 0.1,
            "Height": 1,
            "HideEntrails": false,
            "InitialSpeed": 460,
            "InsuranceDisabled": false,
            "IsAlwaysAvailableForInsurance": false,
            "IsLightAndSoundShot": false,
            "IsLockedafterEquip": false,
            "IsSpecialSlotOnly": false,
            "IsUnbuyable": false,
            "IsUndiscardable": false,
            "IsUngivable": false,
            "IsUnremovable": false,
            "IsUnsaleable": false,
            "ItemSound": "ammo_singleround",
            "LightAndSoundShotAngle": 0,
            "LightAndSoundShotSelfContusionStrength": 0,
            "LightAndSoundShotSelfContusionTime": 0,
            "LightBleedingDelta": 0,
            "LootExperience": 0,
            "MalfFeedChance": 0.096,
            "MalfMisfireChance": 0.175,
            "MaxExplosionDistance": 0,
            "MaxFragmentsCount": 1,
            "MergesWithChildren": false,
            "MinExplosionDistance": 0,
            "MinFragmentsCount": 1,
            "MisfireChance": 0.03,
            "Name": "patron_9x19_PSO_gzh",
            "NotShownInSlot": false,
            "PenetrationChanceObstacle": 0.2,
            "PenetrationDamageMod": 0.15,
            "PenetrationPower": 33,
            "PenetrationPowerDiviation": 0.136,
            "Prefab": {
                "path": "DEAGLE/patron_127x33_cooper.bundle",
                "rcid": ""
            },
            "ProjectileCount": 1,
            "QuestItem": false,
            "QuestStashMaxCount": 0,
            "RagFairCommissionModifier": 1,
            "RarityPvE": "Rare",
            "RemoveShellAfterFire": false,
            "RepairCost": 0,
            "RepairSpeed": 0,
            "RicochetChance": 0.06,
            "ShortName": "patron_9x19_PSO_gzh",
            "ShowBullet": false,
            "ShowHitEffectOnExplode": false,
            "SpeedRetardation": 0.0001,
            "StackMaxRandom": 25,
            "StackMaxSize": 30,
            "StackMinRandom": 5,
            "StackObjectsCount": 1,
            "StaminaBurnPerDamage": 0.23,
            "Tracer": false,
            "TracerColor": "red",
            "TracerDistance": 0,
            "Unlootable": false,
            "UnlootableFromSide": [],
            "UnlootableFromSlot": "FirstPrimaryWeapon",
            "UsePrefab": {
                "path": "",
                "rcid": ""
            },
            "Weight": 0.035,
            "Width": 1,
            "ammoAccr": 5,
            "ammoDist": 0,
            "ammoHear": 0,
            "ammoRec": 8,
            "ammoSfx": "standart",
            "ammoShiftChance": 0,
            "ammoType": "bullet",
            "buckshotBullets": 0,
            "casingEjectPower": 1,
            "casingMass": 10,
            "casingName": "",
            "casingSounds": "pistol_big"
        },
        "_proto": "54527c774bdc2d3f668b4568",
        "_type": "Item"
    },
    "66a0d1f88486c69fce00fdf6": {
        "_id": "66a0d1f88486c69fce00fdf6",
        "_name": "patron_127x33_jsp",
        "_parent": "5485a8684bdc2da71d8b4567",
        "_props": {
            "AmmoLifeTimeSec": 5,
            "AmmoTooltipClass": "SoftTargets",
            "AnimationVariantsNumber": 0,
            "ArmorDamage": 68,
            "ArmorDistanceDistanceDamage": {
                "x": 0,
                "y": 0,
                "z": 0
            },
            "BackgroundColor": "yellow",
            "BallisticCoeficient": 0.166,
            "Blindness": {
                "x": 0,
                "y": 0,
                "z": 0
            },
            "BulletDiameterMilimeters": 12.7,
            "BulletMassGram": 26.4,
            "Caliber": "Caliber127x33",
            "CanRequireOnRagfair": false,
            "CanSellOnRagfair": true,
            "ConflictingItems": [],
            "Contusion": {
                "x": 0,
                "y": 0,
                "z": 0
            },
            "Damage": 152,
            "Description": "patron_9x19_PSO_gzh",
            "Deterioration": 1,
            "DiscardLimit": -1,
            "DiscardingBlock": false,
            "DropSoundType": "None",
            "DurabilityBurnModificator": 1,
            "ExamineExperience": 10,
            "ExamineTime": 1,
            "ExaminedByDefault": true,
            "ExplosionStrength": 0,
            "ExplosionType": "",
            "ExtraSizeDown": 0,
            "ExtraSizeForceAdd": false,
            "ExtraSizeLeft": 0,
            "ExtraSizeRight": 0,
            "ExtraSizeUp": 0,
            "FragmentType": "5996f6d686f77467977ba6cc",
            "FragmentationChance": 0.3,
            "FragmentsCount": 0,
            "FuzeArmTimeSec": 0,
            "HasGrenaderComponent": false,
            "HeatFactor": 2.27,
            "HeavyBleedingDelta": 0.3,
            "Height": 1,
            "HideEntrails": false,
            "InitialSpeed": 465,
            "InsuranceDisabled": false,
            "IsAlwaysAvailableForInsurance": false,
            "IsLightAndSoundShot": false,
            "IsLockedafterEquip": false,
            "IsSpecialSlotOnly": false,
            "IsUnbuyable": false,
            "IsUndiscardable": false,
            "IsUngivable": false,
            "IsUnremovable": false,
            "IsUnsaleable": false,
            "ItemSound": "ammo_singleround",
            "LightAndSoundShotAngle": 0,
            "LightAndSoundShotSelfContusionStrength": 0,
            "LightAndSoundShotSelfContusionTime": 0,
            "LightBleedingDelta": 0.25,
            "LootExperience": 0,
            "MalfFeedChance": 0.08,
            "MalfMisfireChance": 0.175,
            "MaxExplosionDistance": 0,
            "MaxFragmentsCount": 1,
            "MergesWithChildren": false,
            "MinExplosionDistance": 0,
            "MinFragmentsCount": 1,
            "MisfireChance": 0.03,
            "Name": "patron_9x19_PSO_gzh",
            "NotShownInSlot": false,
            "PenetrationChanceObstacle": 0.12,
            "PenetrationDamageMod": 0.05,
            "PenetrationPower": 26,
            "PenetrationPowerDiviation": 0.136,
            "Prefab": {
                "path": "DEAGLE/patron_127x33_jsp.bundle",
                "rcid": ""
            },
            "ProjectileCount": 1,
            "QuestItem": false,
            "QuestStashMaxCount": 0,
            "RagFairCommissionModifier": 1,
            "RarityPvE": "Rare",
            "RemoveShellAfterFire": false,
            "RepairCost": 0,
            "RepairSpeed": 0,
            "RicochetChance": 0.004,
            "ShortName": "patron_9x19_PSO_gzh",
            "ShowBullet": false,
            "ShowHitEffectOnExplode": false,
            "SpeedRetardation": 0.0001,
            "StackMaxRandom": 30,
            "StackMaxSize": 30,
            "StackMinRandom": 5,
            "StackObjectsCount": 1,
            "StaminaBurnPerDamage": 0.25,
            "Tracer": false,
            "TracerColor": "red",
            "TracerDistance": 0,
            "Unlootable": false,
            "UnlootableFromSide": [],
            "UnlootableFromSlot": "FirstPrimaryWeapon",
            "UsePrefab": {
                "path": "",
                "rcid": ""
            },
            "Weight": 0.038,
            "Width": 1,
            "ammoAccr": -5,
            "ammoDist": 0,
            "ammoHear": 0,
            "ammoRec": 2,
            "ammoSfx": "standart",
            "ammoShiftChance": 0,
            "ammoType": "bullet",
            "buckshotBullets": 0,
            "casingEjectPower": 1,
            "casingMass": 10,
            "casingName": "",
            "casingSounds": "pistol_big"
        },
        "_proto": "54527c774bdc2d3f668b4568",
        "_type": "Item"
    }
}