{
	"668fe5a998b5ad715703ddd6": {
        "ItemID": "668fe5a998b5ad715703ddd6",
        "Name": "weapon_magnum_research_desert_eagle_mk19_127x33",
        "WeapType": "pistol",
        "OperationType": "",
        "WeapAccuracy": 0,
        "BaseTorque": -3,
        "HasShoulderContact": false,
        "Ergonomics": 80,
        "VerticalRecoil": 600,
        "HorizontalRecoil": 525,
        "Dispersion": 15,
        "CameraRecoil": 0.015,
        "VisualMulti": 2.5,
        "Convergence": 10,
        "RecoilAngle": 100,
        "BaseMalfunctionChance": 0,
        "HeatFactorGun": 0.1,
        "HeatFactorByShot": 1,
        "CoolFactorGun": 0.1,
        "CoolFactorGunMods": 1,
        "AllowOverheat": false,
        "CenterOfImpact": 0.162,
        "HipAccuracyRestorationDelay": 0.2,
        "HipAccuracyRestorationSpeed": 7,
        "HipInnaccuracyGain": 0.16,
        "ShotgunDispersion": 20,
        "Velocity": -10,
        "RecoilDamping": 0.81,
        "RecoilHandDamping": 0.57,
        "WeaponAllowADS": false,
        "Weight": 1.86,
        "DurabilityBurnRatio": 0.01,
        "AutoROF": 350,
        "SemiROF": 300,
        "DoubleActionAccuracyPenalty": 2.5,
        "LoyaltyLevel": 5,
        "BaseReloadSpeedMulti": 1,
        "BaseChamberSpeedMulti": 1,
        "MinChamberSpeed": 0.8,
        "MaxChamberSpeed": 1.5,
        "IsManuallyOperated": false,
        "BaseChamberCheckSpeed": 1,
        "BaseFixSpeed": 1,
        "OffsetRotation": 0.01,
        "RecoilIntensity": 0.645,
        "RecoilCenter": {
            "x": 0,
            "y": -0.4,
            "z": -0.001
          }
	},
	"669fa39b48fc9f8db6035a0c": {
        "ItemID": "669fa39b48fc9f8db6035a0c",
        "Name": "weapon_magnum_research_desert_eagle_l6_127x33",
        "WeapType": "pistol",
        "OperationType": "",
        "WeapAccuracy": 0,
        "BaseTorque": -3,
        "HasShoulderContact": false,
        "Ergonomics": 80,
        "VerticalRecoil": 600,
        "HorizontalRecoil": 525,
        "Dispersion": 15,
        "CameraRecoil": 0.015,
        "VisualMulti": 2.5,
        "Convergence": 10,
        "RecoilAngle": 100,
        "BaseMalfunctionChance": 0,
        "HeatFactorGun": 0.1,
        "HeatFactorByShot": 1,
        "CoolFactorGun": 0.1,
        "CoolFactorGunMods": 1,
        "AllowOverheat": false,
        "CenterOfImpact": 0.162,
        "HipAccuracyRestorationDelay": 0.2,
        "HipAccuracyRestorationSpeed": 7,
        "HipInnaccuracyGain": 0.16,
        "ShotgunDispersion": 20,
        "Velocity": -10,
        "RecoilDamping": 0.81,
        "RecoilHandDamping": 0.57,
        "WeaponAllowADS": false,
        "Weight": 1.86,
        "DurabilityBurnRatio": 0.01,
        "AutoROF": 350,
        "SemiROF": 300,
        "DoubleActionAccuracyPenalty": 2.5,
        "LoyaltyLevel": 5,
        "BaseReloadSpeedMulti": 1,
        "BaseChamberSpeedMulti": 1,
        "MinChamberSpeed": 0.8,
        "MaxChamberSpeed": 1.5,
        "IsManuallyOperated": false,
        "BaseChamberCheckSpeed": 1,
        "BaseFixSpeed": 1,
        "OffsetRotation": 0.01,
        "RecoilIntensity": 0.645,
        "RecoilCenter": {
            "x": 0,
            "y": -0.4,
            "z": -0.001
          }
	},
	"669fa3d876116c89840b1217": {
        "ItemID": "669fa3d876116c89840b1217",
        "Name": "weapon_magnum_research_desert_eagle_l6_tiger_127x33",
        "WeapType": "pistol",
        "OperationType": "",
        "WeapAccuracy": 0,
        "BaseTorque": -3,
        "HasShoulderContact": false,
        "Ergonomics": 80,
        "VerticalRecoil": 600,
        "HorizontalRecoil": 525,
        "Dispersion": 15,
        "CameraRecoil": 0.015,
        "VisualMulti": 2.5,
        "Convergence": 10,
        "RecoilAngle": 100,
        "BaseMalfunctionChance": 0,
        "HeatFactorGun": 0.1,
        "HeatFactorByShot": 1,
        "CoolFactorGun": 0.1,
        "CoolFactorGunMods": 1,
        "AllowOverheat": false,
        "CenterOfImpact": 0.162,
        "HipAccuracyRestorationDelay": 0.2,
        "HipAccuracyRestorationSpeed": 7,
        "HipInnaccuracyGain": 0.16,
        "ShotgunDispersion": 20,
        "Velocity": -10,
        "RecoilDamping": 0.81,
        "RecoilHandDamping": 0.57,
        "WeaponAllowADS": false,
        "Weight": 1.86,
        "DurabilityBurnRatio": 0.01,
        "AutoROF": 350,
        "SemiROF": 300,
        "DoubleActionAccuracyPenalty": 2.5,
        "LoyaltyLevel": 5,
        "BaseReloadSpeedMulti": 1,
        "BaseChamberSpeedMulti": 1,
        "MinChamberSpeed": 0.8,
        "MaxChamberSpeed": 1.5,
        "IsManuallyOperated": false,
        "BaseChamberCheckSpeed": 1,
        "BaseFixSpeed": 1,
        "OffsetRotation": 0.01,
        "RecoilIntensity": 0.645,
        "RecoilCenter": {
            "x": 0,
            "y": -0.4,
            "z": -0.001
          }
	},
	"669fa3f88abd2662d80eee77": {
        "ItemID": "669fa3f88abd2662d80eee77",
        "Name": "weapon_magnum_research_desert_eagle_l5_127x33",
        "WeapType": "pistol",
        "OperationType": "",
        "WeapAccuracy": 0,
        "BaseTorque": -3,
        "HasShoulderContact": false,
        "Ergonomics": 80,
        "VerticalRecoil": 550,
        "HorizontalRecoil": 500,
        "Dispersion": 15,
        "CameraRecoil": 0.015,
        "VisualMulti": 2.5,
        "Convergence": 10,
        "RecoilAngle": 100,
        "BaseMalfunctionChance": 0,
        "HeatFactorGun": 0.1,
        "HeatFactorByShot": 1,
        "CoolFactorGun": 0.1,
        "CoolFactorGunMods": 1,
        "AllowOverheat": false,
        "CenterOfImpact": 0.162,
        "HipAccuracyRestorationDelay": 0.2,
        "HipAccuracyRestorationSpeed": 7,
        "HipInnaccuracyGain": 0.16,
        "ShotgunDispersion": 20,
        "Velocity": -10,
        "RecoilDamping": 0.81,
        "RecoilHandDamping": 0.57,
        "WeaponAllowADS": false,
        "Weight": 1.86,
        "DurabilityBurnRatio": 0.01,
        "AutoROF": 350,
        "SemiROF": 300,
        "DoubleActionAccuracyPenalty": 2.5,
        "LoyaltyLevel": 5,
        "BaseReloadSpeedMulti": 1,
        "BaseChamberSpeedMulti": 1,
        "MinChamberSpeed": 0.8,
        "MaxChamberSpeed": 1.5,
        "IsManuallyOperated": false,
        "BaseChamberCheckSpeed": 1,
        "BaseFixSpeed": 1,
        "OffsetRotation": 0.01,
        "RecoilIntensity": 0.645,
        "RecoilCenter": {
            "x": 0,
            "y": -0.4,
            "z": -0.001
          }
	}
	
}